Week,With lures,Without lures
1,2.272727273,1.033
2,1.818181818,1.136
3,2.121212121,1.446
4,1.325757576,1.186
5,0.946969697,0.988
6,2.272727273,1.482
7,1.136363636,1.877
8,2.083333333,0.988
9,1.893939394,1.407
10,2.272727273,1.636
11,1.818181818,2.441
12,2.083333333,1.779
